<?xml version="1.0"?>
<Runs Version="1" Minor="0">
	<Run Id="system_csi2dvp_0_0_synth_1" LaunchDir="C:/Users/Administrator/Desktop/Digital-Recognition-master/project/spartan_cam.runs/system_csi2dvp_0_0_synth_1" FlowId="Vivado_Synthesis" FromStepId="vivado" ToStepId="vivado"/>
	<Run Id="system_bayer2rgb_0_0_synth_1" LaunchDir="C:/Users/Administrator/Desktop/Digital-Recognition-master/project/spartan_cam.runs/system_bayer2rgb_0_0_synth_1" FlowId="Vivado_Synthesis" FromStepId="vivado" ToStepId="vivado"/>
	<Run Id="synth_1" LaunchDir="C:/Users/Administrator/Desktop/Digital-Recognition-master/project/spartan_cam.runs/synth_1" FlowId="Vivado_Synthesis" FromStepId="vivado" ToStepId="vivado">
		<Parent Id="system_csi2dvp_0_0_synth_1"/>
		<Parent Id="system_bayer2rgb_0_0_synth_1"/>
	</Run>
	<Parameters>
		<Parameter Name="runs.monitorLSFJobs" Val="true" Type="bool"/>
	</Parameters>
</Runs>

