<?xml version="1.0" encoding="UTF-8"?>
<GenRun Id="impl_1" LaunchPart="xc7s15ftgb196-1" LaunchTime="1596277166">
  <File Type="BITSTR-BMM" Name="system_wrapper_bd.bmm"/>
  <File Type="OPT-METHODOLOGY-DRC" Name="system_wrapper_methodology_drc_opted.rpt"/>
  <File Type="INIT-TIMING" Name="system_wrapper_timing_summary_init.rpt"/>
  <File Type="ROUTE-PWR" Name="system_wrapper_power_routed.rpt"/>
  <File Type="PA-TCL" Name="system_wrapper.tcl"/>
  <File Type="OPT-TIMING" Name="system_wrapper_timing_summary_opted.rpt"/>
  <File Type="OPT-DCP" Name="system_wrapper_opt.dcp"/>
  <File Type="ROUTE-PWR-SUM" Name="system_wrapper_power_summary_routed.pb"/>
  <File Type="REPORTS-TCL" Name="system_wrapper_reports.tcl"/>
  <File Type="OPT-DRC" Name="system_wrapper_drc_opted.rpt"/>
  <File Type="OPT-HWDEF" Name="system_wrapper.hwdef"/>
  <File Type="PWROPT-DCP" Name="system_wrapper_pwropt.dcp"/>
  <File Type="PWROPT-DRC" Name="system_wrapper_drc_pwropted.rpt"/>
  <File Type="PWROPT-TIMING" Name="system_wrapper_timing_summary_pwropted.rpt"/>
  <File Type="PLACE-DCP" Name="system_wrapper_placed.dcp"/>
  <File Type="PLACE-IO" Name="system_wrapper_io_placed.rpt"/>
  <File Type="PLACE-CLK" Name="system_wrapper_clock_utilization_placed.rpt"/>
  <File Type="PLACE-UTIL" Name="system_wrapper_utilization_placed.rpt"/>
  <File Type="PLACE-UTIL-PB" Name="system_wrapper_utilization_placed.pb"/>
  <File Type="PLACE-CTRL" Name="system_wrapper_control_sets_placed.rpt"/>
  <File Type="PLACE-SIMILARITY" Name="system_wrapper_incremental_reuse_placed.rpt"/>
  <File Type="PLACE-PRE-SIMILARITY" Name="system_wrapper_incremental_reuse_pre_placed.rpt"/>
  <File Type="BG-BGN" Name="system_wrapper.bgn"/>
  <File Type="PLACE-TIMING" Name="system_wrapper_timing_summary_placed.rpt"/>
  <File Type="POSTPLACE-PWROPT-DCP" Name="system_wrapper_postplace_pwropt.dcp"/>
  <File Type="BG-BIN" Name="system_wrapper.bin"/>
  <File Type="POSTPLACE-PWROPT-TIMING" Name="system_wrapper_timing_summary_postplace_pwropted.rpt"/>
  <File Type="PHYSOPT-DCP" Name="system_wrapper_physopt.dcp"/>
  <File Type="PHYSOPT-DRC" Name="system_wrapper_drc_physopted.rpt"/>
  <File Type="BITSTR-MSK" Name="system_wrapper.msk"/>
  <File Type="PHYSOPT-TIMING" Name="system_wrapper_timing_summary_physopted.rpt"/>
  <File Type="ROUTE-ERROR-DCP" Name="system_wrapper_routed_error.dcp"/>
  <File Type="ROUTE-DCP" Name="system_wrapper_routed.dcp"/>
  <File Type="ROUTE-BLACKBOX-DCP" Name="system_wrapper_routed_bb.dcp"/>
  <File Type="ROUTE-DRC" Name="system_wrapper_drc_routed.rpt"/>
  <File Type="ROUTE-DRC-PB" Name="system_wrapper_drc_routed.pb"/>
  <File Type="BITSTR-LTX" Name="debug_nets.ltx"/>
  <File Type="BITSTR-LTX" Name="system_wrapper.ltx"/>
  <File Type="ROUTE-DRC-RPX" Name="system_wrapper_drc_routed.rpx"/>
  <File Type="BITSTR-MMI" Name="system_wrapper.mmi"/>
  <File Type="ROUTE-METHODOLOGY-DRC" Name="system_wrapper_methodology_drc_routed.rpt"/>
  <File Type="ROUTE-METHODOLOGY-DRC-RPX" Name="system_wrapper_methodology_drc_routed.rpx"/>
  <File Type="BITSTR-SYSDEF" Name="system_wrapper.sysdef"/>
  <File Type="ROUTE-METHODOLOGY-DRC-PB" Name="system_wrapper_methodology_drc_routed.pb"/>
  <File Type="ROUTE-PWR-RPX" Name="system_wrapper_power_routed.rpx"/>
  <File Type="ROUTE-STATUS" Name="system_wrapper_route_status.rpt"/>
  <File Type="ROUTE-STATUS-PB" Name="system_wrapper_route_status.pb"/>
  <File Type="ROUTE-TIMINGSUMMARY" Name="system_wrapper_timing_summary_routed.rpt"/>
  <File Type="ROUTE-TIMING-PB" Name="system_wrapper_timing_summary_routed.pb"/>
  <File Type="ROUTE-TIMING-RPX" Name="system_wrapper_timing_summary_routed.rpx"/>
  <File Type="ROUTE-SIMILARITY" Name="system_wrapper_incremental_reuse_routed.rpt"/>
  <File Type="ROUTE-CLK" Name="system_wrapper_clock_utilization_routed.rpt"/>
  <File Type="ROUTE-BUS-SKEW" Name="system_wrapper_bus_skew_routed.rpt"/>
  <File Type="ROUTE-BUS-SKEW-PB" Name="system_wrapper_bus_skew_routed.pb"/>
  <File Type="ROUTE-BUS-SKEW-RPX" Name="system_wrapper_bus_skew_routed.rpx"/>
  <File Type="POSTROUTE-PHYSOPT-DCP" Name="system_wrapper_postroute_physopt.dcp"/>
  <File Type="POSTROUTE-PHYSOPT-BLACKBOX-DCP" Name="system_wrapper_postroute_physopt_bb.dcp"/>
  <File Type="POSTROUTE-PHYSOPT-TIMING" Name="system_wrapper_timing_summary_postroute_physopted.rpt"/>
  <File Type="POSTROUTE-PHYSOPT-TIMING-PB" Name="system_wrapper_timing_summary_postroute_physopted.pb"/>
  <File Type="POSTROUTE-PHYSOPT-TIMING-RPX" Name="system_wrapper_timing_summary_postroute_physopted.rpx"/>
  <File Type="POSTROUTE-PHYSOPT-BUS-SKEW" Name="system_wrapper_bus_skew_postroute_physopted.rpt"/>
  <File Type="POSTROUTE-PHYSOPT-BUS-SKEW-PB" Name="system_wrapper_bus_skew_postroute_physopted.pb"/>
  <File Type="BG-BIT" Name="system_wrapper.bit"/>
  <File Type="POSTROUTE-PHYSOPT-BUS-SKEW-RPX" Name="system_wrapper_bus_skew_postroute_physopted.rpx"/>
  <File Type="BITSTR-RBT" Name="system_wrapper.rbt"/>
  <File Type="BITSTR-NKY" Name="system_wrapper.nky"/>
  <File Type="BG-DRC" Name="system_wrapper.drc"/>
  <File Type="RDI-RDI" Name="system_wrapper.vdi"/>
  <File Type="WBT-USG" Name="usage_statistics_webtalk.html"/>
  <FileSet Name="sources" Type="DesignSrcs" RelSrcDir="$PSRCDIR/sources_1">
    <Filter Type="Srcs"/>
    <File Path="$PSRCDIR/sources_1/ip/blk_mem_gen_0/blk_mem_gen_0.xci">
      <FileInfo>
        <Attr Name="UsedIn" Val="synthesis"/>
        <Attr Name="UsedIn" Val="implementation"/>
        <Attr Name="UsedIn" Val="simulation"/>
      </FileInfo>
    </File>
    <File Path="$PSRCDIR/sources_1/new/csi2dvp.v">
      <FileInfo>
        <Attr Name="UsedIn" Val="synthesis"/>
        <Attr Name="UsedIn" Val="implementation"/>
        <Attr Name="UsedIn" Val="simulation"/>
      </FileInfo>
    </File>
    <File Path="$PSRCDIR/sources_1/ip/blk_mem_gen_1/blk_mem_gen_1.xci">
      <FileInfo>
        <Attr Name="UsedIn" Val="synthesis"/>
        <Attr Name="UsedIn" Val="implementation"/>
        <Attr Name="UsedIn" Val="simulation"/>
      </FileInfo>
    </File>
    <File Path="$PSRCDIR/sources_1/new/bayer2rgb.v">
      <FileInfo>
        <Attr Name="UsedIn" Val="synthesis"/>
        <Attr Name="UsedIn" Val="implementation"/>
        <Attr Name="UsedIn" Val="simulation"/>
      </FileInfo>
    </File>
    <File Path="$PSRCDIR/sources_1/imports/new/hdmi_num_test.v">
      <FileInfo>
        <Attr Name="ImportPath" Val="$PPRDIR/../../../../dell/Desktop/temp_proj/hdmi_num_test/hdmi_num_test.srcs/sources_1/new/hdmi_num_test.v"/>
        <Attr Name="ImportTime" Val="1563176645"/>
        <Attr Name="UsedIn" Val="synthesis"/>
        <Attr Name="UsedIn" Val="implementation"/>
        <Attr Name="UsedIn" Val="simulation"/>
      </FileInfo>
    </File>
    <File Path="$PSRCDIR/sources_1/imports/new/num0.v">
      <FileInfo>
        <Attr Name="ImportPath" Val="$PPRDIR/../../../../dell/Desktop/temp_proj/hdmi_num_test/hdmi_num_test.srcs/sources_1/new/num0.v"/>
        <Attr Name="ImportTime" Val="1563160651"/>
        <Attr Name="UsedIn" Val="synthesis"/>
        <Attr Name="UsedIn" Val="implementation"/>
        <Attr Name="UsedIn" Val="simulation"/>
      </FileInfo>
    </File>
    <File Path="$PSRCDIR/sources_1/imports/new/num1.v">
      <FileInfo>
        <Attr Name="ImportPath" Val="$PPRDIR/../../../../dell/Desktop/temp_proj/hdmi_num_test/hdmi_num_test.srcs/sources_1/new/num1.v"/>
        <Attr Name="ImportTime" Val="1563161829"/>
        <Attr Name="UsedIn" Val="synthesis"/>
        <Attr Name="UsedIn" Val="implementation"/>
        <Attr Name="UsedIn" Val="simulation"/>
      </FileInfo>
    </File>
    <File Path="$PSRCDIR/sources_1/new/num10.v">
      <FileInfo>
        <Attr Name="UsedIn" Val="synthesis"/>
        <Attr Name="UsedIn" Val="implementation"/>
        <Attr Name="UsedIn" Val="simulation"/>
      </FileInfo>
    </File>
    <File Path="$PSRCDIR/sources_1/imports/new/num2.v">
      <FileInfo>
        <Attr Name="ImportPath" Val="$PPRDIR/../../../../dell/Desktop/temp_proj/hdmi_num_test/hdmi_num_test.srcs/sources_1/new/num2.v"/>
        <Attr Name="ImportTime" Val="1563161423"/>
        <Attr Name="UsedIn" Val="synthesis"/>
        <Attr Name="UsedIn" Val="implementation"/>
        <Attr Name="UsedIn" Val="simulation"/>
      </FileInfo>
    </File>
    <File Path="$PSRCDIR/sources_1/imports/new/num3.v">
      <FileInfo>
        <Attr Name="ImportPath" Val="$PPRDIR/../../../../dell/Desktop/temp_proj/hdmi_num_test/hdmi_num_test.srcs/sources_1/new/num3.v"/>
        <Attr Name="ImportTime" Val="1563161536"/>
        <Attr Name="UsedIn" Val="synthesis"/>
        <Attr Name="UsedIn" Val="implementation"/>
        <Attr Name="UsedIn" Val="simulation"/>
      </FileInfo>
    </File>
    <File Path="$PSRCDIR/sources_1/imports/new/num4.v">
      <FileInfo>
        <Attr Name="ImportPath" Val="$PPRDIR/../../../../dell/Desktop/temp_proj/hdmi_num_test/hdmi_num_test.srcs/sources_1/new/num4.v"/>
        <Attr Name="ImportTime" Val="1563161587"/>
        <Attr Name="UsedIn" Val="synthesis"/>
        <Attr Name="UsedIn" Val="implementation"/>
        <Attr Name="UsedIn" Val="simulation"/>
      </FileInfo>
    </File>
    <File Path="$PSRCDIR/sources_1/imports/new/num5.v">
      <FileInfo>
        <Attr Name="ImportPath" Val="$PPRDIR/../../../../dell/Desktop/temp_proj/hdmi_num_test/hdmi_num_test.srcs/sources_1/new/num5.v"/>
        <Attr Name="ImportTime" Val="1563161637"/>
        <Attr Name="UsedIn" Val="synthesis"/>
        <Attr Name="UsedIn" Val="implementation"/>
        <Attr Name="UsedIn" Val="simulation"/>
      </FileInfo>
    </File>
    <File Path="$PSRCDIR/sources_1/imports/new/num6.v">
      <FileInfo>
        <Attr Name="ImportPath" Val="$PPRDIR/../../../../dell/Desktop/temp_proj/hdmi_num_test/hdmi_num_test.srcs/sources_1/new/num6.v"/>
        <Attr Name="ImportTime" Val="1563161680"/>
        <Attr Name="UsedIn" Val="synthesis"/>
        <Attr Name="UsedIn" Val="implementation"/>
        <Attr Name="UsedIn" Val="simulation"/>
      </FileInfo>
    </File>
    <File Path="$PSRCDIR/sources_1/imports/new/num7.v">
      <FileInfo>
        <Attr Name="ImportPath" Val="$PPRDIR/../../../../dell/Desktop/temp_proj/hdmi_num_test/hdmi_num_test.srcs/sources_1/new/num7.v"/>
        <Attr Name="ImportTime" Val="1563161714"/>
        <Attr Name="UsedIn" Val="synthesis"/>
        <Attr Name="UsedIn" Val="implementation"/>
        <Attr Name="UsedIn" Val="simulation"/>
      </FileInfo>
    </File>
    <File Path="$PSRCDIR/sources_1/imports/new/num8.v">
      <FileInfo>
        <Attr Name="ImportPath" Val="$PPRDIR/../../../../dell/Desktop/temp_proj/hdmi_num_test/hdmi_num_test.srcs/sources_1/new/num8.v"/>
        <Attr Name="ImportTime" Val="1563161757"/>
        <Attr Name="UsedIn" Val="synthesis"/>
        <Attr Name="UsedIn" Val="implementation"/>
        <Attr Name="UsedIn" Val="simulation"/>
      </FileInfo>
    </File>
    <File Path="$PSRCDIR/sources_1/imports/new/num9.v">
      <FileInfo>
        <Attr Name="ImportPath" Val="$PPRDIR/../../../../dell/Desktop/temp_proj/hdmi_num_test/hdmi_num_test.srcs/sources_1/new/num9.v"/>
        <Attr Name="ImportTime" Val="1563161798"/>
        <Attr Name="UsedIn" Val="synthesis"/>
        <Attr Name="UsedIn" Val="implementation"/>
        <Attr Name="UsedIn" Val="simulation"/>
      </FileInfo>
    </File>
    <File Path="$PSRCDIR/sources_1/new/rgb2gray.v">
      <FileInfo>
        <Attr Name="UsedIn" Val="synthesis"/>
        <Attr Name="UsedIn" Val="implementation"/>
        <Attr Name="UsedIn" Val="simulation"/>
      </FileInfo>
    </File>
    <File Path="$PSRCDIR/sources_1/new/rgb_test.v">
      <FileInfo>
        <Attr Name="UsedIn" Val="synthesis"/>
        <Attr Name="UsedIn" Val="implementation"/>
        <Attr Name="UsedIn" Val="simulation"/>
      </FileInfo>
    </File>
    <File Path="$PSRCDIR/sources_1/imports/new/rising_dection.v">
      <FileInfo>
        <Attr Name="ImportPath" Val="$PPRDIR/../../../../dell/Desktop/temp_proj/recong_teste/recong_teste.srcs/sources_1/new/rising_dection.v"/>
        <Attr Name="ImportTime" Val="1563287281"/>
        <Attr Name="UsedIn" Val="synthesis"/>
        <Attr Name="UsedIn" Val="implementation"/>
        <Attr Name="UsedIn" Val="simulation"/>
      </FileInfo>
    </File>
    <File Path="$PSRCDIR/sources_1/imports/digital_recognition.v">
      <FileInfo>
        <Attr Name="ImportPath" Val="G:/digital_recognition.v"/>
        <Attr Name="ImportTime" Val="1563090914"/>
        <Attr Name="UsedIn" Val="synthesis"/>
        <Attr Name="UsedIn" Val="implementation"/>
        <Attr Name="UsedIn" Val="simulation"/>
      </FileInfo>
    </File>
    <File Path="$PSRCDIR/sources_1/imports/new/lcd_num.v">
      <FileInfo>
        <Attr Name="ImportPath" Val="$PPRDIR/../../../../dell/Desktop/temp_proj/lcd/lcd.srcs/sources_1/new/lcd_num.v"/>
        <Attr Name="ImportTime" Val="1563239386"/>
        <Attr Name="UsedIn" Val="synthesis"/>
        <Attr Name="UsedIn" Val="implementation"/>
        <Attr Name="UsedIn" Val="simulation"/>
      </FileInfo>
    </File>
    <File Path="$PSRCDIR/sources_1/bd/system/system.bd">
      <FileInfo>
        <Attr Name="UsedIn" Val="synthesis"/>
        <Attr Name="UsedIn" Val="implementation"/>
        <Attr Name="UsedIn" Val="simulation"/>
      </FileInfo>
    </File>
    <File Path="$PSRCDIR/sources_1/bd/system/hdl/system_wrapper.v">
      <FileInfo>
        <Attr Name="UsedIn" Val="synthesis"/>
        <Attr Name="UsedIn" Val="implementation"/>
        <Attr Name="UsedIn" Val="simulation"/>
      </FileInfo>
    </File>
    <File Path="$PSRCDIR/sources_1/imports/new/munber_show.v">
      <FileInfo>
        <Attr Name="AutoDisabled" Val="1"/>
        <Attr Name="ImportPath" Val="$PPRDIR/../../../../dell/Desktop/temp_proj/LED_direct/LED_direct.srcs/sources_1/new/munber_show.v"/>
        <Attr Name="ImportTime" Val="1563090920"/>
        <Attr Name="UsedIn" Val="synthesis"/>
        <Attr Name="UsedIn" Val="implementation"/>
        <Attr Name="UsedIn" Val="simulation"/>
      </FileInfo>
    </File>
    <File Path="$PSRCDIR/sources_1/new/BW.v">
      <FileInfo>
        <Attr Name="AutoDisabled" Val="1"/>
        <Attr Name="UsedIn" Val="synthesis"/>
        <Attr Name="UsedIn" Val="implementation"/>
        <Attr Name="UsedIn" Val="simulation"/>
      </FileInfo>
    </File>
    <File Path="$PSRCDIR/sources_1/new/center.v">
      <FileInfo>
        <Attr Name="AutoDisabled" Val="1"/>
        <Attr Name="UsedIn" Val="synthesis"/>
        <Attr Name="UsedIn" Val="implementation"/>
        <Attr Name="UsedIn" Val="simulation"/>
      </FileInfo>
    </File>
    <File Path="$PSRCDIR/sources_1/new/render.v">
      <FileInfo>
        <Attr Name="AutoDisabled" Val="1"/>
        <Attr Name="UsedIn" Val="synthesis"/>
        <Attr Name="UsedIn" Val="implementation"/>
        <Attr Name="UsedIn" Val="simulation"/>
      </FileInfo>
    </File>
    <File Path="$PSRCDIR/sources_1/new/weight_cal.v">
      <FileInfo>
        <Attr Name="AutoDisabled" Val="1"/>
        <Attr Name="UsedIn" Val="synthesis"/>
        <Attr Name="UsedIn" Val="implementation"/>
        <Attr Name="UsedIn" Val="simulation"/>
      </FileInfo>
    </File>
    <File Path="$PSRCDIR/sources_1/new/colorDetect.v">
      <FileInfo>
        <Attr Name="AutoDisabled" Val="1"/>
        <Attr Name="UsedIn" Val="synthesis"/>
        <Attr Name="UsedIn" Val="implementation"/>
        <Attr Name="UsedIn" Val="simulation"/>
      </FileInfo>
    </File>
    <File Path="$PSRCDIR/sources_1/new/dilate.v">
      <FileInfo>
        <Attr Name="AutoDisabled" Val="1"/>
        <Attr Name="UsedIn" Val="synthesis"/>
        <Attr Name="UsedIn" Val="implementation"/>
        <Attr Name="UsedIn" Val="simulation"/>
      </FileInfo>
    </File>
    <File Path="$PSRCDIR/sources_1/new/erode.v">
      <FileInfo>
        <Attr Name="AutoDisabled" Val="1"/>
        <Attr Name="UsedIn" Val="synthesis"/>
        <Attr Name="UsedIn" Val="implementation"/>
        <Attr Name="UsedIn" Val="simulation"/>
      </FileInfo>
    </File>
    <File Path="$PSRCDIR/sources_1/new/rgb2hsv_top.v">
      <FileInfo>
        <Attr Name="AutoDisabled" Val="1"/>
        <Attr Name="UsedIn" Val="synthesis"/>
        <Attr Name="UsedIn" Val="implementation"/>
        <Attr Name="UsedIn" Val="simulation"/>
      </FileInfo>
    </File>
    <File Path="$PSRCDIR/sources_1/imports/Release/spartan_cam.elf">
      <FileInfo>
        <Attr Name="ImportPath" Val="$PSDKDIR/spartan_cam/Release/spartan_cam.elf"/>
        <Attr Name="ImportTime" Val="1563421508"/>
        <Attr Name="UsedIn" Val="implementation"/>
        <Attr Name="ScopedToRef" Val="system"/>
        <Attr Name="ScopedToCell" Val="microblaze_0"/>
        <Attr Name="IsVisible" Val="1"/>
      </FileInfo>
    </File>
    <File Path="$PPRDIR/../../../../../users/dell/desktop/color_detect/spartan_cam/component.xml">
      <FileInfo SFType="IPXACT"/>
    </File>
    <File Path="$PSRCDIR/sources_1/new/SPI_Demo.v">
      <FileInfo>
        <Attr Name="AutoDisabled" Val="1"/>
        <Attr Name="UsedIn" Val="synthesis"/>
        <Attr Name="UsedIn" Val="implementation"/>
        <Attr Name="UsedIn" Val="simulation"/>
      </FileInfo>
    </File>
    <File Path="$PSRCDIR/sources_1/new/SPI_Master.v">
      <FileInfo>
        <Attr Name="AutoDisabled" Val="1"/>
        <Attr Name="UsedIn" Val="synthesis"/>
        <Attr Name="UsedIn" Val="implementation"/>
        <Attr Name="UsedIn" Val="simulation"/>
      </FileInfo>
    </File>
    <File Path="$PSRCDIR/sources_1/new/Clk_Division.v">
      <FileInfo>
        <Attr Name="AutoDisabled" Val="1"/>
        <Attr Name="UsedIn" Val="synthesis"/>
        <Attr Name="UsedIn" Val="implementation"/>
        <Attr Name="UsedIn" Val="simulation"/>
      </FileInfo>
    </File>
    <File Path="$PSRCDIR/sources_1/new/system_digital_recognition_0_0.v">
      <FileInfo>
        <Attr Name="AutoDisabled" Val="1"/>
        <Attr Name="UsedIn" Val="synthesis"/>
        <Attr Name="UsedIn" Val="implementation"/>
        <Attr Name="UsedIn" Val="simulation"/>
      </FileInfo>
    </File>
    <File Path="$PSRCDIR/sources_1/new/Driver_HDMI.v">
      <FileInfo>
        <Attr Name="AutoDisabled" Val="1"/>
        <Attr Name="UsedIn" Val="synthesis"/>
        <Attr Name="UsedIn" Val="implementation"/>
        <Attr Name="UsedIn" Val="simulation"/>
      </FileInfo>
    </File>
    <File Path="$PSRCDIR/sources_1/new/Video_Generator.v">
      <FileInfo>
        <Attr Name="AutoDisabled" Val="1"/>
        <Attr Name="UsedIn" Val="synthesis"/>
        <Attr Name="UsedIn" Val="implementation"/>
        <Attr Name="UsedIn" Val="simulation"/>
      </FileInfo>
    </File>
    <File Path="$PSRCDIR/sources_1/new/ShiBieoutput.v">
      <FileInfo>
        <Attr Name="AutoDisabled" Val="1"/>
        <Attr Name="UsedIn" Val="synthesis"/>
        <Attr Name="UsedIn" Val="implementation"/>
        <Attr Name="UsedIn" Val="simulation"/>
      </FileInfo>
    </File>
    <Config>
      <Option Name="DesignMode" Val="RTL"/>
      <Option Name="TopModule" Val="system_wrapper"/>
    </Config>
  </FileSet>
  <FileSet Name="constrs_in" Type="Constrs" RelSrcDir="$PSRCDIR/constrs_1">
    <Filter Type="Constrs"/>
    <File Path="$PSRCDIR/constrs_1/new/system.xdc">
      <FileInfo>
        <Attr Name="UsedIn" Val="synthesis"/>
        <Attr Name="UsedIn" Val="implementation"/>
      </FileInfo>
    </File>
    <Config>
      <Option Name="TargetConstrsFile" Val="$PSRCDIR/constrs_1/new/system.xdc"/>
      <Option Name="ConstrsType" Val="XDC"/>
    </Config>
  </FileSet>
  <FileSet Name="utils" Type="Utils" RelSrcDir="$PSRCDIR/utils_1">
    <Filter Type="Utils"/>
    <Config>
      <Option Name="TopAutoSet" Val="TRUE"/>
    </Config>
  </FileSet>
  <Strategy Version="1" Minor="2">
    <StratHandle Name="Vivado Implementation Defaults" Flow="Vivado Implementation 2018"/>
    <Step Id="init_design"/>
    <Step Id="opt_design"/>
    <Step Id="power_opt_design"/>
    <Step Id="place_design"/>
    <Step Id="post_place_power_opt_design"/>
    <Step Id="phys_opt_design"/>
    <Step Id="route_design"/>
    <Step Id="post_route_phys_opt_design"/>
    <Step Id="write_bitstream"/>
  </Strategy>
  <BlockFileSet Type="BlockSrcs" Name="system_csi2_d_phy_rx_0_1"/>
  <BlockFileSet Type="BlockSrcs" Name="system_digital_recognition_0_0"/>
  <BlockFileSet Type="BlockSrcs" Name="system_ilmb_bram_if_cntlr_0"/>
  <BlockFileSet Type="BlockSrcs" Name="system_csi_to_axis_0_1"/>
  <BlockFileSet Type="BlockSrcs" Name="system_dlmb_v10_0"/>
  <BlockFileSet Type="BlockSrcs" Name="system_dlmb_bram_if_cntlr_0"/>
  <BlockFileSet Type="BlockSrcs" Name="system_rgb2dvi_0_1"/>
  <BlockFileSet Type="BlockSrcs" Name="system_clk_wiz_1_0"/>
  <BlockFileSet Type="BlockSrcs" Name="system_clk_wiz_0_1"/>
  <BlockFileSet Type="BlockSrcs" Name="system_lcd_num_0_0"/>
  <BlockFileSet Type="BlockSrcs" Name="system_rst_clk_wiz_0_200M_0"/>
  <BlockFileSet Type="BlockSrcs" Name="system_microblaze_0_0"/>
  <BlockFileSet Type="BlockSrcs" Name="system_lmb_bram_0"/>
  <BlockFileSet Type="BlockSrcs" Name="system_axi_iic_0_0"/>
  <BlockFileSet Type="BlockSrcs" Name="system_ilmb_v10_0"/>
  <BlockFileSet Type="BlockSrcs" Name="system_axi_uartlite_0_0"/>
  <BlockFileSet Type="BlockSrcs" Name="system_mdm_1_0"/>
  <BlockFileSet Type="BlockSrcs" Name="system_xbar_0"/>
  <BlockFileSet Type="BlockSrcs" Name="system_rgb_test_0_1"/>
  <BlockFileSet Type="BlockSrcs" Name="system_csi2dvp_0_0"/>
  <BlockFileSet Type="BlockSrcs" Name="system_bayer2rgb_0_0"/>
</GenRun>
